-- INSERT INTO facefit.file_tb (file_id,filename,file_size,file_ext,registed_datetime,stored_filename,`path`,state) VALUES
-- 	 ('0174aa0f-d7c8-4f89-92a5-0c53db2f823e','fit_oblong.PNG',1404051,'PNG','2025-03-31 17:46:27.560041','0174aa0fd7c84f8992a50c53db2f823e-org-fit_oblong.PNG','face_shape',2),
-- 	 ('0b6f8eb2-0fd0-47b7-b998-4015f7360b37','fit_square.PNG',1284819,'PNG','2025-03-31 17:46:27.571401','0b6f8eb20fd047b7b9984015f7360b37-org-fit_square.PNG','face_shape',2),
-- 	 ('99435f55-390f-4768-9c0e-0ce85a1096cc','fit_round.PNG',1303822,'PNG','2025-03-31 17:46:27.567522','99435f55390f47689c0e0ce85a1096cc-org-fit_round.PNG','face_shape',2),
-- 	 ('b1940b85-dfaa-40f7-ad87-5750c8eb5b30','fit_oval.PNG',1390579,'PNG','2025-03-31 17:46:27.563871','b1940b85dfaa40f7ad875750c8eb5b30-org-fit_oval.PNG','face_shape',2),
-- 	 ('d283da74-9434-44c9-9e9e-c989b21c5047','fit_heart.PNG',1549128,'PNG','2025-03-31 17:46:27.550235','d283da74943444c99e9ec989b21c5047-org-fit_heart.PNG','face_shape',2);

INSERT INTO facefit.file_tb (file_id,filename,file_size,file_ext,registed_datetime,stored_filename,`path`,state) VALUES
	 ('00a702a4-e41b-44cf-b504-bf06975017a2','2-3.png',79182,'PNG','2025-04-02 00:47:05.703193','00a702a4e41b44cfb504bf06975017a2-org-2-3.png','glasses',2),
	 ('0174aa0f-d7c8-4f89-92a5-0c53db2f823e','fit_oblong.PNG',1404051,'PNG','2025-03-31 17:46:27.560041','0174aa0fd7c84f8992a50c53db2f823e-org-fit_oblong.PNG','face_shape',2),
	 ('02882efd-8ebb-402a-b359-520eeace8863','5-1.png',63296,'PNG','2025-04-02 00:47:05.703193','02882efd8ebb402ab359520eeace8863-org-5-1.png','glasses',2),
	 ('09bcefae-5363-4814-9995-79ed88d4d1b3','6-2.png',67632,'PNG','2025-04-02 00:47:05.703193','09bcefae53634814999579ed88d4d1b3-org-6-2.png','glasses',2),
	 ('0b6f8eb2-0fd0-47b7-b998-4015f7360b37','fit_square.PNG',1284819,'PNG','2025-03-31 17:46:27.571401','0b6f8eb20fd047b7b9984015f7360b37-org-fit_square.PNG','face_shape',2),
	 ('0d32976d-3ec7-4bbb-84ad-6ca2974c1697','3-3.png',87526,'PNG','2025-04-02 00:47:05.703193','0d32976d3ec74bbb84ad6ca2974c1697-org-3-3.png','glasses',2),
	 ('11335b33-84fe-475b-a27e-2f29f95b26ec','2-4.png',87658,'PNG','2025-04-02 00:47:05.703193','11335b3384fe475ba27e2f29f95b26ec-org-2-4.png','glasses',2),
	 ('122bd6ff-a9bb-497c-ba3b-0f8be4a9a1d6','1-1.png',82239,'PNG','2025-04-02 00:47:05.703193','122bd6ffa9bb497cba3b0f8be4a9a1d6-org-1-1.png','glasses',2),
	 ('12963094-6f98-4d55-9fd2-897c627cdfd4','3-3.png',72090,'PNG','2025-04-02 00:47:05.703193','129630946f984d559fd2897c627cdfd4-org-3-3.png','glasses',2),
	 ('12d7d51c-6c2d-4767-bfd2-a15719d70538','4-1.png',80888,'PNG','2025-04-02 00:47:05.703193','12d7d51c6c2d4767bfd2a15719d70538-org-4-1.png','glasses',2),
	 ('15a007b3-f6af-4c61-a090-921a3ed4fd68','4-4.png',61842,'PNG','2025-04-02 00:47:05.703193','15a007b3f6af4c61a090921a3ed4fd68-org-4-4.png','glasses',2),
	 ('17e22c53-40a2-4edc-b67f-06f775b8e19e','6-3.png',70677,'PNG','2025-04-02 00:47:05.703193','17e22c5340a24edcb67f06f775b8e19e-org-6-3.png','glasses',2),
	 ('184a3e71-3069-4a72-a101-6e876d03dd33','3-3.png',59688,'PNG','2025-04-02 00:47:05.703193','184a3e7130694a72a1016e876d03dd33-org-3-3.png','glasses',2),
	 ('1b80e881-17f5-48c7-9b20-6b03638c0063','5-2.png',53011,'PNG','2025-04-02 00:47:05.703193','1b80e88117f548c79b206b03638c0063-org-5-2.png','glasses',2),
	 ('1c8e4435-e97d-4150-91cd-d71c9ed86f4f','4-4.png',59458,'PNG','2025-04-02 00:47:05.703193','1c8e4435e97d415091cdd71c9ed86f4f-org-4-4.png','glasses',2),
	 ('1e9c625a-72a0-472d-9bda-7724ce32ce01','3-5.png',89026,'PNG','2025-04-02 00:47:05.703193','1e9c625a72a0472d9bda7724ce32ce01-org-3-5.png','glasses',2),
	 ('21ce9046-0438-4321-a1df-abc40e1a1d58','6-1.png',75100,'PNG','2025-04-02 00:47:05.703193','21ce904604384321a1dfabc40e1a1d58-org-6-1.png','glasses',2),
	 ('248684ed-f4a4-4746-a420-0b4875d70369','1-1.png',54631,'PNG','2025-04-02 00:47:05.703193','248684edf4a44746a4200b4875d70369-org-1-1.png','glasses',2),
	 ('2705de15-92c1-4ebf-975d-13ac497c30dc','2-2.png',69125,'PNG','2025-04-02 00:47:05.703193','2705de1592c14ebf975d13ac497c30dc-org-2-2.png','glasses',2),
	 ('275302d1-d8f7-4c50-92f6-281415d13a5c','5-3.png',62450,'PNG','2025-04-02 00:47:05.703193','275302d1d8f74c5092f6281415d13a5c-org-5-3.png','glasses',2),
	 ('288db250-73bc-4d48-9afa-1915f8fd7b18','3-4.png',53030,'PNG','2025-04-02 00:47:05.703193','288db25073bc4d489afa1915f8fd7b18-org-3-4.png','glasses',2),
	 ('2c02eddd-143e-45b4-9ae6-a570b69e91cf','4-3.png',70278,'PNG','2025-04-02 00:47:05.703193','2c02eddd143e45b49ae6a570b69e91cf-org-4-3.png','glasses',2),
	 ('2f682289-acec-461c-a9c6-368444e5b5ec','2-1.png',47182,'PNG','2025-04-02 00:47:05.703193','2f682289acec461ca9c6368444e5b5ec-org-2-1.png','glasses',2),
	 ('31e495a8-31ee-4964-bc2b-493a9bd585f7','3-1.png',64609,'PNG','2025-04-02 00:47:05.703193','31e495a831ee4964bc2b493a9bd585f7-org-3-1.png','glasses',2),
	 ('356271c8-298e-420c-9fa7-e82f0363537e','4-3.png',85528,'PNG','2025-04-02 00:47:05.703193','356271c8298e420c9fa7e82f0363537e-org-4-3.png','glasses',2),
	 ('35736456-c475-4b6f-a7df-9547d12d1091','5-3.png',58571,'PNG','2025-04-02 00:47:05.703193','35736456c4754b6fa7df9547d12d1091-org-5-3.png','glasses',2),
	 ('3675dcaa-79ab-4d05-8e03-c9338c48ad5a','3-2.png',52916,'PNG','2025-04-02 00:47:05.703193','3675dcaa79ab4d058e03c9338c48ad5a-org-3-2.png','glasses',2),
	 ('3681658e-7948-442f-9d94-9fbdfe4457ff','5-5.png',61972,'PNG','2025-04-02 00:47:05.703193','3681658e7948442f9d949fbdfe4457ff-org-5-5.png','glasses',2),
	 ('39e0b507-658b-4539-a380-5eb059bc5f2a','3-1.png',58894,'PNG','2025-04-02 00:47:05.703193','39e0b507658b4539a3805eb059bc5f2a-org-3-1.png','glasses',2),
	 ('3a4b289a-53d2-444b-8b8d-9da13e10318f','1-4.png',106912,'PNG','2025-04-02 00:47:05.703193','3a4b289a53d2444b8b8d9da13e10318f-org-1-4.png','glasses',2),
	 ('3f0a5441-2633-4043-af5d-3d4ea117e12c','6-6.png',73131,'PNG','2025-04-02 00:47:05.703193','3f0a544126334043af5d3d4ea117e12c-org-6-6.png','glasses',2),
	 ('415a84cc-aba4-4dfc-bb8f-f82213234b78','2-4.png',73106,'PNG','2025-04-02 00:47:05.703193','415a84ccaba44dfcbb8ff82213234b78-org-2-4.png','glasses',2),
	 ('431b9183-68cf-4416-b5bd-e17b90ed9b36','6-5.png',68465,'PNG','2025-04-02 00:47:05.703193','431b918368cf4416b5bde17b90ed9b36-org-6-5.png','glasses',2),
	 ('440a589f-162a-4dd8-9739-996d9a861a41','5-5.png',54404,'PNG','2025-04-02 00:47:05.703193','440a589f162a4dd89739996d9a861a41-org-5-5.png','glasses',2),
	 ('4442abe7-959c-4daf-9e49-b6c65f1a5f32','2-1.png',93998,'PNG','2025-04-02 00:47:05.703193','4442abe7959c4daf9e49b6c65f1a5f32-org-2-1.png','glasses',2),
	 ('44d54db0-b4ed-4c55-b4c2-daeef2ff8455','4-5.png',72015,'PNG','2025-04-02 00:47:05.703193','44d54db0b4ed4c55b4c2daeef2ff8455-org-4-5.png','glasses',2),
	 ('4722dd84-ceef-4355-8ab6-95c3c9e42717','3-5.png',93203,'PNG','2025-04-02 00:47:05.703193','4722dd84ceef43558ab695c3c9e42717-org-3-5.png','glasses',2),
	 ('4a737221-0805-49dc-8699-06efa92271aa','4-2.png',60114,'PNG','2025-04-02 00:47:05.703193','4a737221080549dc869906efa92271aa-org-4-2.png','glasses',2),
	 ('4b0dfcfa-b1f9-4dca-ae02-62ac7c5c6e93','7-2.png',81196,'PNG','2025-04-02 00:47:05.703193','4b0dfcfab1f94dcaae0262ac7c5c6e93-org-7-2.png','glasses',2),
	 ('4b1e4911-c8db-4c24-9151-0648bf2174e5','2-1.png',51731,'PNG','2025-04-02 00:47:05.703193','4b1e4911c8db4c2491510648bf2174e5-org-2-1.png','glasses',2),
	 ('4bd17fcb-a4fd-415f-b944-a4fd525fb650','4-4.png',107500,'PNG','2025-04-02 00:47:05.703193','4bd17fcba4fd415fb944a4fd525fb650-org-4-4.png','glasses',2),
	 ('4c867a6b-3228-42ab-8171-deb36fef985e','2-1.png',73419,'PNG','2025-04-02 00:47:05.703193','4c867a6b322842ab8171deb36fef985e-org-2-1.png','glasses',2),
	 ('4d7ab2ed-8b96-4f45-946e-c23ac60f787e','3-2.png',86729,'PNG','2025-04-02 00:47:05.703193','4d7ab2ed8b964f45946ec23ac60f787e-org-3-2.png','glasses',2),
	 ('4d8a810b-3158-4cb2-b398-98fe822c6c6b','2-2.png',70390,'PNG','2025-04-02 00:47:05.703193','4d8a810b31584cb2b39898fe822c6c6b-org-2-2.png','glasses',2),
	 ('4f8ee67e-f7a8-4269-889d-b5ef1a3e6f73','2-1.png',87172,'PNG','2025-04-02 00:47:05.703193','4f8ee67ef7a84269889db5ef1a3e6f73-org-2-1.png','glasses',2),
	 ('509bd6b0-6948-435a-8a4a-1bbe9a1f0e83','4-3.png',108294,'PNG','2025-04-02 00:47:05.703193','509bd6b06948435a8a4a1bbe9a1f0e83-org-4-3.png','glasses',2),
	 ('50d87b8a-8429-49b7-ae4f-8b5557b347c9','5-4.png',61039,'PNG','2025-04-02 00:47:05.703193','50d87b8a842949b7ae4f8b5557b347c9-org-5-4.png','glasses',2),
	 ('51a9f0ef-7c14-4344-be92-bf3472d348b2','2-3.png',87417,'PNG','2025-04-02 00:47:05.703193','51a9f0ef7c144344be92bf3472d348b2-org-2-3.png','glasses',2),
	 ('53bfc66c-400e-40cd-96fa-39e8f2fef0cf','1-4.png',79093,'PNG','2025-04-02 00:47:05.703193','53bfc66c400e40cd96fa39e8f2fef0cf-org-1-4.png','glasses',2),
	 ('569da684-683f-4f20-9b99-43d76f6de704','6-4.png',70342,'PNG','2025-04-02 00:47:05.703193','569da684683f4f209b9943d76f6de704-org-6-4.png','glasses',2),
	 ('56d3daae-cc77-499a-bad4-93a58593a21b','2-2.png',68245,'PNG','2025-04-02 00:47:05.703193','56d3daaecc77499abad493a58593a21b-org-2-2.png','glasses',2),
	 ('57517abf-39aa-4ec9-b2e0-e937fa265509','3-2.png',70681,'PNG','2025-04-02 00:47:05.703193','57517abf39aa4ec9b2e0e937fa265509-org-3-2.png','glasses',2),
	 ('575e3357-74b5-453b-a724-33986cc37074','2-5.png',78850,'PNG','2025-04-02 00:47:05.703193','575e335774b5453ba72433986cc37074-org-2-5.png','glasses',2),
	 ('5a409cec-ef0a-40f1-848f-6585c210813c','2-4.png',NULL,'PNG','2025-04-02 00:47:05.703193','5a409cecef0a40f1848f6585c210813c-org-2-4.png','glasses',2),
	 ('62ef60b0-67ea-4c62-a100-92e7907ef158','2-1.png',66100,'PNG','2025-04-02 00:47:05.703193','62ef60b067ea4c62a10092e7907ef158-org-2-1.png','glasses',2),
	 ('6523d9f5-f18a-431b-9cb5-0e0a37b57479','3-1.png',75018,'PNG','2025-04-02 00:47:05.703193','6523d9f5f18a431b9cb50e0a37b57479-org-3-1.png','glasses',2),
	 ('67d4e3c0-e259-46ac-ab78-0f7e10dec40e','4-2.png',54582,'PNG','2025-04-02 00:47:05.703193','67d4e3c0e25946acab780f7e10dec40e-org-4-2.png','glasses',2),
	 ('69dab027-953c-49bf-a4e1-c1a7f96944ac','3-3.png',62943,'PNG','2025-04-02 00:47:05.703193','69dab027953c49bfa4e1c1a7f96944ac-org-3-3.png','glasses',2),
	 ('70fbee16-ef1e-456f-98e8-8389fa6984db','4-2.png',81587,'PNG','2025-04-02 00:47:05.703193','70fbee16ef1e456f98e88389fa6984db-org-4-2.png','glasses',2),
	 ('7542a389-a0dc-4966-b4e3-31954a3a22d4','1-1.png',96027,'PNG','2025-04-02 00:47:05.703193','7542a389a0dc4966b4e331954a3a22d4-org-1-1.png','glasses',2),
	 ('75a72291-6dd1-4ede-9e6e-ccd39af6221f','1-1.png',74070,'PNG','2025-04-02 00:47:05.703193','75a722916dd14ede9e6eccd39af6221f-org-1-1.png','glasses',2),
	 ('77a5d555-71a0-4240-a0ed-a522f6a8e18c','3-1.png',79383,'PNG','2025-04-02 00:47:05.703193','77a5d55571a04240a0eda522f6a8e18c-org-3-1.png','glasses',2),
	 ('780dbf5f-ebbe-4b1f-a269-a804a3722d63','2-3.png',139558,'PNG','2025-04-02 00:47:05.703193','780dbf5febbe4b1fa269a804a3722d63-org-2-3.png','glasses',2),
	 ('7ce2bccf-142d-4e21-bb01-26ac2a23c709','6-2.png',73641,'PNG','2025-04-02 00:47:05.703193','7ce2bccf142d4e21bb0126ac2a23c709-org-6-2.png','glasses',2),
	 ('7edb0f49-e036-47da-93bc-c2d6b42b86cb','4-1.png',64371,'PNG','2025-04-02 00:47:05.703193','7edb0f49e03647da93bcc2d6b42b86cb-org-4-1.png','glasses',2),
	 ('7ff70326-f78f-49ce-a7f2-459242140b59','7-1.png',68605,'PNG','2025-04-02 00:47:05.703193','7ff70326f78f49cea7f2459242140b59-org-7-1.png','glasses',2),
	 ('805d4da6-fe8d-4e53-be38-646fc3f6b244','7-4.png',91464,'PNG','2025-04-02 00:47:05.703193','805d4da6fe8d4e53be38646fc3f6b244-org-7-4.png','glasses',2),
	 ('812567f6-3d12-4eca-8e8a-a124e536c34f','3-3.png',94497,'PNG','2025-04-02 00:47:05.703193','812567f63d124eca8e8aa124e536c34f-org-3-3.png','glasses',2),
	 ('8450b62d-49aa-4d8d-9b1b-df316e19b43f','3-1.png',56531,'PNG','2025-04-02 00:47:05.703193','8450b62d49aa4d8d9b1bdf316e19b43f-org-3-1.png','glasses',2),
	 ('84f8261a-ff5a-4009-af8c-1d6620ef4c66','3-3.png',47607,'PNG','2025-04-02 00:47:05.703193','84f8261aff5a4009af8c1d6620ef4c66-org-3-3.png','glasses',2),
	 ('8817c2cb-45d3-47e6-9518-536eac2f61ac','5-1.png',56179,'PNG','2025-04-02 00:47:05.703193','8817c2cb45d347e69518536eac2f61ac-org-5-1.png','glasses',2),
	 ('8a9b72bb-1560-422d-ab1f-51ab92def256','3-1.png',71845,'PNG','2025-04-02 00:47:05.703193','8a9b72bb1560422dab1f51ab92def256-org-3-1.png','glasses',2),
	 ('8d91bfd1-16b9-485a-bd10-deb74870056e','5-4.png',59713,'PNG','2025-04-02 00:47:05.703193','8d91bfd116b9485abd10deb74870056e-org-5-4.png','glasses',2),
	 ('8f97d5ce-89b4-4102-8a2f-bb4bdc6fbe4c','2-2.png',81980,'PNG','2025-04-02 00:47:05.703193','8f97d5ce89b441028a2fbb4bdc6fbe4c-org-2-2.png','glasses',2),
	 ('9331cefd-d35c-479d-91f5-9f6481b73372','1-3.png',66677,'PNG','2025-04-02 00:47:05.703193','9331cefdd35c479d91f59f6481b73372-org-1-3.png','glasses',2),
	 ('97072be0-e299-4d01-95f1-7e6fadea4065','3-4.png',80143,'PNG','2025-04-02 00:47:05.703193','97072be0e2994d0195f17e6fadea4065-org-3-4.png','glasses',2),
	 ('974b5fd5-9022-412c-8567-f625264977cd','1-2.png',76387,'PNG','2025-04-02 00:47:05.703193','974b5fd59022412c8567f625264977cd-org-1-2.png','glasses',2),
	 ('98be59d6-60e2-4694-9c38-b1bdc15f2a66','4-1.png',59998,'PNG','2025-04-02 00:47:05.703193','98be59d660e246949c38b1bdc15f2a66-org-4-1.png','glasses',2),
	 ('9939cb62-f528-4d9a-b6a1-3b19360b83b6','1-3.png',81603,'PNG','2025-04-02 00:47:05.703193','9939cb62f5284d9ab6a13b19360b83b6-org-1-3.png','glasses',2),
	 ('99435f55-390f-4768-9c0e-0ce85a1096cc','fit_round.PNG',1303822,'PNG','2025-03-31 17:46:27.567522','99435f55390f47689c0e0ce85a1096cc-org-fit_round.PNG','face_shape',2),
	 ('9cf9be4e-993e-4a3d-a3bb-6a0fe510dd2f','1-1.png',75755,'PNG','2025-04-02 00:47:05.703193','9cf9be4e993e4a3da3bb6a0fe510dd2f-org-1-1.png','glasses',2),
	 ('9f745e2b-5a6d-478b-b68d-c265a7a61a1d','6-1.png',68667,'PNG','2025-04-02 00:47:05.703193','9f745e2b5a6d478bb68dc265a7a61a1d-org-6-1.png','glasses',2),
	 ('a1869997-ad44-4c76-8bb3-36c164d4afd3','3-4.png',89877,'PNG','2025-04-02 00:47:05.703193','a1869997ad444c768bb336c164d4afd3-org-3-4.png','glasses',2),
	 ('a2f12fe5-2f3f-4e92-9ac8-658e449aa285','3-3.png',86778,'PNG','2025-04-02 00:47:05.703193','a2f12fe52f3f4e929ac8658e449aa285-org-3-3.png','glasses',2),
	 ('a36f06ab-9a9a-4a23-8a45-b4834e322d2c','1-1.png',78350,'PNG','2025-04-02 00:47:05.703193','a36f06ab9a9a4a238a45b4834e322d2c-org-1-1.png','glasses',2),
	 ('a3b89149-a1da-401d-8202-756125ee14a5','1-2.png',62378,'PNG','2025-04-02 00:47:05.703193','a3b89149a1da401d8202756125ee14a5-org-1-2.png','glasses',2),
	 ('a5a1aee0-2588-480a-9528-7edbf740e4cb','4-1.png',74192,'PNG','2025-04-02 00:47:05.703193','a5a1aee02588480a95287edbf740e4cb-org-4-1.png','glasses',2),
	 ('a65f4336-c524-4ddf-8e7f-87ddaa871767','4-6.png',71965,'PNG','2025-04-02 00:47:05.703193','a65f4336c5244ddf8e7f87ddaa871767-org-4-6.png','glasses',2),
	 ('a6b42905-7527-43c0-bb2b-612bfbe3c839','3-2.png',69723,'PNG','2025-04-02 00:47:05.703193','a6b42905752743c0bb2b612bfbe3c839-org-3-2.png','glasses',2),
	 ('ac660ba1-10a6-4dc7-902d-1cb24394d809','4-2.png',61242,'PNG','2025-04-02 00:47:05.703193','ac660ba110a64dc7902d1cb24394d809-org-4-2.png','glasses',2),
	 ('ae3a5db4-bef7-4856-b6d6-7db402a2772e','3-1.png',75791,'PNG','2025-04-02 00:47:05.703193','ae3a5db4bef74856b6d67db402a2772e-org-3-1.png','glasses',2),
	 ('af143dd9-d0a5-49a3-8ae8-d0fb5d3ec576','3-2.png',94396,'PNG','2025-04-02 00:47:05.703193','af143dd9d0a549a38ae8d0fb5d3ec576-org-3-2.png','glasses',2),
	 ('b002c001-ab24-4b10-91bf-c84c767c9869','7-5.png',75351,'PNG','2025-04-02 00:47:05.703193','b002c001ab244b1091bfc84c767c9869-org-7-5.png','glasses',2),
	 ('b171617a-1009-45fd-bac6-bd684228922e','4-1.png',80922,'PNG','2025-04-02 00:47:05.703193','b171617a100945fdbac6bd684228922e-org-4-1.png','glasses',2),
	 ('b1940b85-dfaa-40f7-ad87-5750c8eb5b30','fit_oval.PNG',1390579,'PNG','2025-03-31 17:46:27.563871','b1940b85dfaa40f7ad875750c8eb5b30-org-fit_oval.PNG','face_shape',2),
	 ('b1f71d4f-2722-4bff-82bc-d6a28511071b','4-1.png',52294,'PNG','2025-04-02 00:47:05.703193','b1f71d4f27224bff82bcd6a28511071b-org-4-1.png','glasses',2),
	 ('b66c815b-09af-4a3d-9c07-1bbf9245e7e6','1-2.png',78648,'PNG','2025-04-02 00:47:05.703193','b66c815b09af4a3d9c071bbf9245e7e6-org-1-2.png','glasses',2),
	 ('bebe810c-90a0-423a-b0e4-1fb4d733d462','3-2.png',68716,'PNG','2025-04-02 00:47:05.703193','bebe810c90a0423ab0e41fb4d733d462-org-3-2.png','glasses',2),
	 ('bee626b1-ad80-44b2-8e53-86581fedcb39','4-5.png',54891,'PNG','2025-04-02 00:47:05.703193','bee626b1ad8044b28e5386581fedcb39-org-4-5.png','glasses',2),
	 ('c0551bb6-ee9e-43e8-8db9-b6f91cd15c95','1-1.png',95604,'PNG','2025-04-02 00:47:05.703193','c0551bb6ee9e43e88db9b6f91cd15c95-org-1-1.png','glasses',2),
	 ('c1ab1eca-e48f-4b3b-87e2-441bd6aa5cc2','3-2.png',54455,'PNG','2025-04-02 00:47:05.703193','c1ab1ecae48f4b3b87e2441bd6aa5cc2-org-3-2.png','glasses',2),
	 ('c2d06456-32f7-4624-a8e7-6a72fc3a6a87','3-5.png',85601,'PNG','2025-04-02 00:47:05.703193','c2d0645632f74624a8e76a72fc3a6a87-org-3-5.png','glasses',2),
	 ('c3221d83-28f0-4b67-a5a0-07004072c3ff','2-3.png',68208,'PNG','2025-04-02 00:47:05.703193','c3221d8328f04b67a5a007004072c3ff-org-2-3.png','glasses',2),
	 ('c41e3859-a430-4437-9a6d-cb3011ec54ea','5-1.png',54093,'PNG','2025-04-02 00:47:05.703193','c41e3859a43044379a6dcb3011ec54ea-org-5-1.png','glasses',2),
	 ('c7e56d60-05be-4c97-be7d-0505fa8dbe56','1-3.png',83248,'PNG','2025-04-02 00:47:05.703193','c7e56d6005be4c97be7d0505fa8dbe56-org-1-3.png','glasses',2),
	 ('c9c48887-fce2-4f00-86e5-4357b671f19d','2-2.png',54781,'PNG','2025-04-02 00:47:05.703193','c9c48887fce24f0086e54357b671f19d-org-2-2.png','glasses',2),
	 ('ca953ab1-ca27-4219-b8a0-5a715882cd49','1-1.png',60803,'PNG','2025-04-02 00:47:05.703193','ca953ab1ca274219b8a05a715882cd49-org-1-1.png','glasses',2),
	 ('cb897112-819d-4abb-88ce-2f2c0293ef7a','4-3.png',75039,'PNG','2025-04-02 00:47:05.703193','cb897112819d4abb88ce2f2c0293ef7a-org-4-3.png','glasses',2),
	 ('d09594cb-0d72-4c54-b0bb-70e7b644acca','4-3.png',58767,'PNG','2025-04-02 00:47:05.703193','d09594cb0d724c54b0bb70e7b644acca-org-4-3.png','glasses',2),
	 ('d2512761-f20a-4104-941c-97adc4801e11','4-4.png',88785,'PNG','2025-04-02 00:47:05.703193','d2512761f20a4104941c97adc4801e11-org-4-4.png','glasses',2),
	 ('d283da74-9434-44c9-9e9e-c989b21c5047','fit_heart.PNG',1549128,'PNG','2025-03-31 17:46:27.550235','d283da74943444c99e9ec989b21c5047-org-fit_heart.PNG','face_shape',2),
	 ('d3197c50-17f0-4df4-b46b-367bdb581f17','3-5.png',55915,'PNG','2025-04-02 00:47:05.703193','d3197c5017f04df4b46b367bdb581f17-org-3-5.png','glasses',2),
	 ('d53d0c5a-0fa7-44e9-833a-8ff57a6b08f5','4-3.png',53745,'PNG','2025-04-02 00:47:05.703193','d53d0c5a0fa744e9833a8ff57a6b08f5-org-4-3.png','glasses',2),
	 ('da59bb54-7c33-4246-917a-5308143839ab','4-2.png',68162,'PNG','2025-04-02 00:47:05.703193','da59bb547c334246917a5308143839ab-org-4-2.png','glasses',2),
	 ('db251245-0af0-4f7e-9bb6-bf4a996f691c','4-1.png',52187,'PNG','2025-04-02 00:47:05.703193','db2512450af04f7e9bb6bf4a996f691c-org-4-1.png','glasses',2),
	 ('e05145c6-d2a3-4d4e-a018-15625aa3069e','2-1.png',84105,'PNG','2025-04-02 00:47:05.703193','e05145c6d2a34d4ea01815625aa3069e-org-2-1.png','glasses',2),
	 ('e3f7f384-4281-4c2a-9310-be8ca35af394','4-2.png',48934,'PNG','2025-04-02 00:47:05.703193','e3f7f38442814c2a9310be8ca35af394-org-4-2.png','glasses',2),
	 ('e4ad5d89-2269-4009-b450-b5bdb8bab484','4-2.png',75565,'PNG','2025-04-02 00:47:05.703193','e4ad5d8922694009b450b5bdb8bab484-org-4-2.png','glasses',2),
	 ('e64b6d68-1648-4c41-9f33-1cd94aabc193','7-3.png',94930,'PNG','2025-04-02 00:47:05.703193','e64b6d6816484c419f331cd94aabc193-org-7-3.png','glasses',2),
	 ('e714b8b8-bb41-4fe2-b9e4-191edfe9cf52','5-2.png',61392,'PNG','2025-04-02 00:47:05.703193','e714b8b8bb414fe2b9e4191edfe9cf52-org-5-2.png','glasses',2),
	 ('e9d255cc-46ea-45dc-9c77-14171b724f55','6-7.png',70841,'PNG','2025-04-02 00:47:05.703193','e9d255cc46ea45dc9c7714171b724f55-org-6-7.png','glasses',2),
	 ('ea326134-ee35-4361-9ec2-51c2739c53de','2-1.png',78974,'PNG','2025-04-02 00:47:05.703193','ea326134ee3543619ec251c2739c53de-org-2-1.png','glasses',2),
	 ('edb1613e-92a6-48ab-b100-82d45d4b3572','3-4.png',80474,'PNG','2025-04-02 00:47:05.703193','edb1613e92a648abb10082d45d4b3572-org-3-4.png','glasses',2),
	 ('efc3ed77-41af-43f5-9b42-d18bba37ba65','1-2.png',107836,'PNG','2025-04-02 00:47:05.703193','efc3ed7741af43f59b42d18bba37ba65-org-1-2.png','glasses',2),
	 ('f497be8c-aadc-48ee-9492-f5001cb67753','4-2.png',73209,'PNG','2025-04-02 00:47:05.703193','f497be8caadc48ee9492f5001cb67753-org-4-2.png','glasses',2),
	 ('f58ada0f-cfde-4f2c-9c81-8b460c6bf66f','3-4.png',99443,'PNG','2025-04-02 00:47:05.703193','f58ada0fcfde4f2c9c818b460c6bf66f-org-3-4.png','glasses',2),
	 ('f5e5dfc8-eeaf-4c4e-a953-b557d644b855','1-2.png',101731,'PNG','2025-04-02 00:47:05.703193','f5e5dfc8eeaf4c4ea953b557d644b855-org-1-2.png','glasses',2),
	 ('f6ab5e02-a596-432f-abfd-7aa0385bf66d','4-1.png',68726,'PNG','2025-04-02 00:47:05.703193','f6ab5e02a596432fabfd7aa0385bf66d-org-4-1.png','glasses',2),
	 ('f7bc82e9-08c4-4222-9fb1-78659b76f15a','3-1.png',74068,'PNG','2025-04-02 00:47:05.703193','f7bc82e908c442229fb178659b76f15a-org-3-1.png','glasses',2);



INSERT INTO facefit.face_shape_tb (face_shape_id,face_shape_name,file_id,description) VALUES
	 (1,'heart','d283da74-9434-44c9-9e9e-c989b21c5047','<div>
  <h3>Heart형 얼굴</h3>
  <p><strong>얼굴형 특징</strong><br>
  하트형 얼굴은 이마가 넓고 뺨이 도드라져 있으며 턱선은 좁고 뾰족한 편입니다. 얼굴의 상단이 넓고 하단이 상대적으로 좁기 때문에 균형 잡힌 인상을 주기 위해 하부를 강조하거나 이마를 부드럽게 보이게 하는 안경이 잘 어울립니다.</p>
  <p><strong>어울리는 안경 스타일</strong></p>
  <ul>
    <li><p><strong>Cateye/Fox</strong>: 위로 살짝 치켜 올라간 프레임은 이마보다 좁은 턱선을 보완하면서 얼굴에 시크하고 개성 있는 인상을 줍니다.</p></li>
    <li><p><strong>Boston</strong>: 부드러운 타원형의 프레임은 날카로운 인상을 완화해주며 전체적으로 조화를 이룹니다.</p></li>
    <li><p><strong>Clubmaster</strong>: 상단이 두꺼운 프레임은 얼굴 상단을 강조하지만, 눈가를 따라 자연스럽게 흐르는 곡선이 얼굴의 균형을 맞춰줍니다.</p></li>
    <li><p><strong>Pantos</strong>: 부드러운 곡선과 클래식한 느낌의 팬토스는 턱선이 강조되는 하트형 얼굴에 따뜻한 이미지를 부여합니다.</p></li>
  </ul>
</div>'),
	 (2,'oblong','0174aa0f-d7c8-4f89-92a5-0c53db2f823e','<div>
  <h3>Oblong형 얼굴</h3>
  <p><strong>얼굴형 특징</strong><br>
  Oblong형은 길고 날씬한 얼굴형으로, 뺨이 갸름하고 턱선도 비교적 직선적입니다. 이마에서 턱까지의 길이가 길어 보일 수 있어, 수직의 시선을 분산시키는 것이 중요합니다.</p>
  <p><strong>어울리는 안경 스타일</strong></p>
  <ul>
    <li><p><strong>Round</strong>: 부드러운 원형 프레임은 각진 인상을 완화하고 얼굴에 볼륨감을 더해줍니다.</p></li>
    <li><p><strong>Oval</strong>: 유연한 타원형 프레임은 얼굴 선을 부드럽게 감싸주며 긴 얼굴의 비율을 완화합니다.</p></li>
    <li><p><strong>Butterfly</strong>: 프레임 윗부분이 넓고 아래로 갈수록 좁아지는 형태로 시선을 위로 끌어올려 얼굴 길이를 단축시켜 보입니다.</p></li>
    <li><p><strong>Aviator</strong>: 유려한 곡선과 와이드한 형태로 얼굴 전체에 시선을 분산시키며 스타일리시한 인상을 줍니다.</p></li>
  </ul>
</div>'),
	 (3,'oval','b1940b85-dfaa-40f7-ad87-5750c8eb5b30','<div>
  <h3>Oval형 얼굴</h3>
  <p><strong>얼굴형 특징</strong><br>
  가장 이상적인 얼굴형으로 여겨지는 Oval형은 이마에서 턱까지의 비율이 조화롭고 턱선이 부드럽게 떨어지는 것이 특징입니다. 대부분의 안경이 잘 어울리며, 얼굴선을 해치지 않는 범위 내에서 다양한 스타일을 시도할 수 있습니다.</p>
  <p><strong>어울리는 안경 스타일</strong></p>
  <ul>
    <li><p><strong>Pantos</strong>: 빈티지하고 부드러운 라인이 얼굴 전체를 자연스럽게 감싸 줍니다.</p></li>
    <li><p><strong>Square</strong>: 직선적인 프레임이 부드러운 얼굴형에 개성을 더합니다.</p></li>
    <li><p><strong>Boston</strong>: 클래식한 원형과 약간 각진 라인이 조화되어 지적이고 부드러운 인상을 줍니다.</p></li>
    <li><p><strong>Wellington</strong>: 각진 라인과 넓은 프레임으로 얼굴의 중후함을 강조해줍니다.</p></li>
    <li><p><strong>Clubmaster</strong>: 복고풍의 디자인이 세련되고 자신감 있는 이미지를 연출합니다.</p></li>
    <li><p><strong>Aviator</strong>: 얼굴 전체의 비율이 좋기 때문에 aviator 스타일도 부담 없이 소화할 수 있습니다.</p></li>
  </ul>
</div>'),
	 (4,'round','99435f55-390f-4768-9c0e-0ce85a1096cc','<div>
  <h3>Round형 얼굴</h3>
  <p><strong>얼굴형 특징</strong><br>
  둥근 형태의 얼굴로, 턱선이 뚜렷하지 않고 볼이 통통한 경우가 많습니다. 부드러운 이미지가 강하기 때문에 각이 있는 디자인을 활용해 얼굴형에 변화를 주는 것이 좋습니다.</p>
  <p><strong>어울리는 안경 스타일</strong></p>
  <ul>
    <li><p><strong>Square</strong>: 뚜렷한 직선과 각진 모서리가 둥근 얼굴에 강한 인상을 주어 전체적으로 조화를 이룹니다.</p></li>
    <li><p><strong>Wellington</strong>: 위는 평평하고 아래는 살짝 둥근 디자인으로, 얼굴의 중심선을 강조하며 인상을 또렷하게 만듭니다.</p></li>
    <li><p><strong>Clubmaster</strong>: 클래식한 디자인과 상단의 두꺼운 프레임이 시선을 위로 집중시켜 얼굴형을 길어 보이게 합니다.</p></li>
  </ul>
</div>'),
	 (5,'square','0b6f8eb2-0fd0-47b7-b998-4015f7360b37','<div>
  <h3>Square형 얼굴</h3>
  <p><strong>얼굴형 특징</strong><br>
  사각형 얼굴은 이마, 볼, 턱이 비교적 같은 너비를 가지며, 턱선이 강하고 각진 형태가 특징입니다. 얼굴의 각을 부드럽게 보이도록 곡선형 프레임을 선택하는 것이 좋습니다.</p>
  <p><strong>어울리는 안경 스타일</strong></p>
  <ul>
    <li><p><strong>Round</strong>: 부드러운 원형 프레임이 각진 인상을 완화해줍니다.</p></li>
    <li><p><strong>Pantos</strong>: 약간의 타원형과 원형이 조합된 팬토스는 얼굴에 부드러운 인상을 더합니다.</p></li>
    <li><p><strong>Oval</strong>: 긴 타원형의 디자인은 각진 윤곽을 자연스럽게 중화시켜 줍니다.</p></li>
    <li><p><strong>Butterfly</strong>: 위로 치솟는 형태가 얼굴형을 갸름하게 보이게 하고, 시선을 분산시켜 인상에 부드러움을 부여합니다.</p></li>
    <li><p><strong>Aviator</strong>: 넓은 렌즈와 부드러운 곡선이 얼굴을 슬림하게 보이게 하는 효과가 있습니다.</p></li>
  </ul>
</div>');


INSERT INTO facefit.glasses_type_code_tb (glasses_type_code,glasses_type) VALUES
	 (1,'square'),
	 (2,'wellington'),
	 (3,'clubmaster'),
	 (4,'pantos'),
	 (5,'boston'),
	 (6,'aviator'),
	 (7,'round'),
	 (8,'oval'),
	 (9,'butterfly'),
	 (10,'cateye/fox');


INSERT INTO facefit.color_code_tb (color_code,color_name) VALUES
	 (1,'레드'),
	 (2,'블랙'),
	 (3,'블랙/화이트골드'),
	 (4,'레오파드/골드'),
	 (5,'반투명옐로우/핑크골드'),
	 (6,'오렌지 / 골드'),
	 (7,'무광블랙'),
	 (8,'골드'),
	 (9,'화이트골드'),
	 (10,'핑크골드'),
	 (11,'크리스탈'),
	 (12,'피치'),
	 (13,'레오파드'),
	 (14,'투명 / 핑크골드'),
	 (15,'블랙 / 화이트골드'),
	 (16,'블랙 / 핑크골드'),
	 (17,'반투명 브라운 / 핑크골드'),
	 (18,'레드 / 핑크골드'),
	 (19,'블랙 / 골드'),
	 (20,'톨토이즈 / 브라운'),
	 (21,'블랙/클리어'),
	 (22,'레드 /클리어'),
	 (23,'톨토이즈/블루'),
	 (24,'블루 / 그린'),
	 (25,'실버 /클리어'),
	 (26,'카키'),
	 (27,'젤리베이지'),
	 (28,'실버 / 클리어'),
	 (29,'골드 / 클리어'),
	 (30,'그레이 / 클리어'),
	 (31,'실버'),
	 (32,'블랙 / 클리어'),
	 (33,'레드 / 브라운'),
	 (34,'반무광 골드'),
	 (35,'브라운 / 핑크골드'),
	 (36,'라이트 블랙 / 반무광 화이트골드'),
	 (37,'라이트 블루 그린 / 화이트골드'),
	 (38,'브라운 크리스탈'),
	 (39,'브라운 / 클리어'),
	 (40,'아이보리 / 클리어'),
	 (41,'블랙 / 클리어'),
	 (42,'톨토이즈 / 그린'),
	 (43,'반무광 화이트골드'),
	 (44,'반무광 브라운'),
	 (45,'반무광 블랙'),
	 (46,'무광 블랙'),
	 (47,'반투명 핑크 / 핑크골드'),
	 (48,'반투명 브라운 / 브라운'),
	 (49,'반투명 그레이 / 그레이'),
	 (50,'블랙 크리스탈'),
	 (51,'베이지 크리스탈'),
	 (52,'그레이 크리스탈'),
	 (53,'실버 / 클리어'),
	 (54,'반무광 블루'),
	 (55,'브라운'),
	 (56,'그린 / 클리어'),
	 (57,'아이보리'),
	 (58,'누드베이지'),
	 (59,'투명 / 화이트골드'),
	 (60,'라이트 바이올렛 / 핑크골드'),
	 (61,'라이트 브라운 / 골드'),
	 (62,'라이트 블루 / 화이트골드'),
	 (63,'라이트 브라운 / 핑크골드'),
	 (64,'라이트 옐로우 / 화이트골드'),
	 (65,'빈티지 오렌지 / 빈티지 그레이'),
	 (66,'핑크마블 / 핑크골드'),
	 (67,'블랙/골드');

INSERT INTO facefit.material_code_tb (material_code,material_name) VALUES
	 (1,'TR / 와그너 메탈'),
	 (2,'합금+메탈'),
	 (3,'아세테이트/티타'),
	 (4,'티타늄'),
	 (5,'metal, TR'),
	 (6,'아세테이트 / 티타늄'),
	 (7,'아세테이트'),
	 (8,'메탈'),
	 (9,'TR-90'),
	 (10,'Alloy'),
	 (11,'아세테이트/티타늄'),
	 (12,'혼합소재'),
	 (13,'티타늄'),
	 (14,'아크릴수지'),
	 (15,'TR'),
	 (16,'TR-91'),
	 (17,'TR-92'),
	 (18,'TR-93'),
	 (19,'아세테이트 / 스테인리스 스틸'),
	 (20,'metal, TR,');


INSERT INTO facefit.glasses_tb (glasses_id,brand_name,model_no,glasses_type_code) VALUES
	 (1,'ALOXROUNZ','ARA5103',7),
	 (2,'.','3895002324',7),
	 (3,'projektprodukt','AU18',7),
	 (4,'projektprodukt','RS11 ',7),
	 (5,'blueelephant','EDIE',4),
	 (6,'blueelephant','CLOW ',4),
	 (7,'projektprodukt','AU15 ',4),
	 (8,'projektprodukt','FS17 ',4),
	 (9,'gentlemonster','비슬로',8),
	 (10,'gentlemonster','메종 마르지엘라 - MM216',8),
	 (11,'blueelephant','HUMP',8),
	 (12,'gentlemonster','조디악 ',8),
	 (13,'blueelephant','EGGHEAD ',8),
	 (14,'gentlemonster','메종 마르지엘라 - MM211',5),
	 (15,'projektprodukt','FS20 ',5),
	 (16,'projektprodukt','HM17 ',5),
	 (17,'blueelephant','PERROW ',2),
	 (18,'gentlemonster','안나 ',2),
	 (19,'blueelephant','LAND ',2),
	 (20,'projektprodukt','FS26 ',2),
	 (21,'projektprodukt','RS13 ',2),
	 (22,'projektprodukt','RS13',2),
	 (23,'projektprodukt','GE-18 ',2),
	 (24,'blueelephant','ANDY ',2),
	 (25,'blueelephant','GOAT ',1),
	 (26,'gentlemonster','에픽 ',1),
	 (27,'blueelephant','CALIX ',1),
	 (28,'blueelephant','SLAP ',1),
	 (29,'projektprodukt','HM13 ',1),
	 (30,'blueelephant','BESSI ',1),
	 (31,'gentlemonster','사사키 ',10),
	 (32,'kolonmall','J2334 ',10),
	 (33,'blueelephant','BRAZE ',6),
	 (34,'projektprodukt','HM14 ',6),
	 (35,'projektprodukt','RS21 ',6),
	 (36,'projektprodukt','CL17 ',3),
	 (37,'projektprodukt','GE-20 ',3),
	 (38,'blueelephant','PRAM ',3),
	 (39,'로베르토 카발리 ','RC5110 ',9);

INSERT INTO facefit.glasses_sub_tb (glasses_sub_id,glasses_id,product_name,color_code,url,lens_width,lens_height,frame_front_length,material_code,price) VALUES
	 (1,1,'The air ARA5103 C4 초경량 라운드 오버사이즈 투명 레드 안경테',1,'https://product.29cm.co.kr/catalog/1594317?brandId=17654&sort=RECOMMEND&defaultSort=RECOMMEND&sortOrder=DESC&source=brand',48,45,149,1,135150),
	 (2,2,'동그라미김구안경',2,'https://item.gmarket.co.kr/Item?goodscode=3895002324',52,52,131,2,1630),
	 (3,3,'AU18 C1WG',3,'https://projektprodukt.co.kr/product/AU18_C1WG/2719',45,43,137,3,285000),
	 (4,3,'AU18 C3G',4,'https://projektprodukt.co.kr/product/AU18_C3G/2720',45,43,137,3,285000),
	 (5,3,'AU18 C07PG',5,'https://projektprodukt.co.kr/product/AU18_C07PG/2721',45,43,137,3,285000),
	 (6,3,'AU18 C10G',6,'https://projektprodukt.co.kr/product/AU18_C10G/2722',45,43,137,3,285000),
	 (7,4,'RS11 CMBK',7,'https://projektprodukt.co.kr/product/RS11_CMBK/2949',52,51,143,4,259000),
	 (8,4,'RS11 CG',8,'https://projektprodukt.co.kr/product/RS11_CG/2946',52,51,143,4,259000),
	 (9,4,'RS11 CWG',9,'https://projektprodukt.co.kr/product/RS11_CWG/2947',52,51,143,4,259000),
	 (10,4,'RS11 CPG',10,'https://projektprodukt.co.kr/product/RS11_CPG/2948',52,51,143,4,259000),
	 (11,5,'EDIE black',2,'https://blueelephant.co/product/edie-black/1098/',50,45,148,5,49900),
	 (12,5,'EDIE crystal',11,'https://blueelephant.co/product/edie-crystal/1096/',50,45,148,5,49900),
	 (13,5,'EDIE peach',12,'https://blueelephant.co/product/edie-peach/1097/',50,45,148,5,49900),
	 (14,5,'EDIE leopard',13,'https://blueelephant.co/product/edie-leopard/2133/',50,45,148,5,49900),
	 (15,6,'CLOW crystal',11,'https://blueelephant.co/product/clow-crystal/3450/category/72/display/1/',49,43,140,5,49900),
	 (16,7,'AU15 C0PG',14,'https://projektprodukt.co.kr/product/AU15_C0PG/2704',48,46,138,6,269000),
	 (17,7,'AU15 C1WG',15,'https://projektprodukt.co.kr/product/AU15_C1WG/2705',48,46,138,6,269000),
	 (18,7,'AU15 C1PG',16,'https://projektprodukt.co.kr/product/AU15_C1PG/2706',48,46,138,6,269000),
	 (19,7,'AU15 C02PG',17,'https://projektprodukt.co.kr/product/AU15_C02PG/2707',48,46,138,6,269000),
	 (20,7,'AU15 C8PG',18,'https://projektprodukt.co.kr/product/AU15_C8PG/2708',48,46,138,6,269000),
	 (21,8,'FS17 C1G',19,'https://projektprodukt.co.kr/product/FS17_C1G/3166',50,46,138,4,269000),
	 (22,8,'FS17 C1WG',15,'https://projektprodukt.co.kr/product/FS17_C1WG/3167',50,46,138,4,269000),
	 (23,8,'FS17 C3BR',20,'https://projektprodukt.co.kr/product/FS17_C3BR/3169',50,46,138,4,269000),
	 (24,9,'비슬로 01(Light Adaptive)',21,'https://www.gentlemonster.com/kr/ko/item/K2EJ67QNUDNE/be-slo-01(light-adaptive)',54,34,147,7,340000),
	 (25,9,'비슬로 RC7',22,'https://www.gentlemonster.com/kr/ko/item/LL3T97CATZS2/be-slo-rc7',54,34,147,7,300000),
	 (26,9,'비슬로 L1',23,'https://www.gentlemonster.com/kr/ko/item/MCGGAP558XJQ/be-slo-l1',54,34,147,7,300000),
	 (27,9,'비슬로 N6',24,'https://www.gentlemonster.com/kr/ko/item/KTR67PJGKGOL/be-slo-n6',54,34,147,7,300000),
	 (28,10,'메종 마르지엘라 - MM216 02',25,'https://www.gentlemonster.com/kr/ko/item/125LPVV79OGFW/maison-margiela-mm216-02',55,33,146,8,420000),
	 (29,11,'HUMP black',2,'https://blueelephant.co/product/hump-black/3775/',52,35,140,9,49900),
	 (30,11,'HUMP khaki',26,'https://blueelephant.co/product/hump-khaki/3776/',52,35,140,9,49900),
	 (31,11,'HUMP jelly beige',27,'https://blueelephant.co/product/hump-jelly-beige/3778/',52,35,140,9,49900),
	 (32,12,'조디악 02',28,'https://www.gentlemonster.com/kr/ko/item/XPPBOATT38VE/zodiac-02',43,34,140,8,350000),
	 (33,12,'조디악 031',29,'https://www.gentlemonster.com/kr/ko/item/XPPBOATV8JNW/zodiac-031',43,34,140,8,350000),
	 (34,12,'조디악 D02',30,'https://www.gentlemonster.com/kr/ko/item/XPPBOATWI4VE/zodiac-d02',43,34,140,8,350000),
	 (35,13,'EGGHEAD silver',31,'https://blueelephant.co/product/egghead-silver/3850/category/72/display/1/',55,39,146,10,49900),
	 (36,14,'메종 마르지엘라 - MM211 01',32,'https://www.gentlemonster.com/kr/ko/item/9A9EB2T4IGKV/maison-margiela-mm211-01',56,41,143,7,388000),
	 (37,14,'메종 마르지엘라 - MM211 RC7(BR)',33,'https://www.gentlemonster.com/kr/ko/item/D30LIJT6QY5L/maison-margiela-mm211-rc7(br)',56,41,143,7,388000),
	 (38,15,'FS20 CG',8,'https://projektprodukt.co.kr/product/FS20_CG/3196',55,46,145,4,305000),
	 (39,15,'FS20 CWG',9,'https://projektprodukt.co.kr/product/FS20_CWG/3197',55,46,145,4,305000),
	 (40,15,'FS20 CPG',10,'https://projektprodukt.co.kr/product/FS20_CPG/3198',55,46,145,4,305000),
	 (41,15,'FS20 C7MG',34,'https://projektprodukt.co.kr/product/FS20_C7MG/3200',55,46,145,4,305000),
	 (42,15,'FS20 C10PG',10,'https://projektprodukt.co.kr/product/FS20_C10PG/3201',55,46,145,4,305000),
	 (43,16,'HM17 C0PG',14,'https://projektprodukt.co.kr/product/HM17_C0PG/3632',48,42,142,11,279000),
	 (44,16,'HM17 C1WG',15,'https://projektprodukt.co.kr/product/HM17_C1WG/3633',48,42,142,11,279000),
	 (45,16,'HM17 C1PG',16,'https://projektprodukt.co.kr/product/HM17_C1PG/3634',48,42,142,11,279000),
	 (46,16,'HM17 C2PG',35,'https://projektprodukt.co.kr/product/HM17_C2PG/3635',48,42,142,11,279000),
	 (47,16,'HM17 C01MWG',36,'https://projektprodukt.co.kr/product/HM17_C01MWG/3636',48,42,142,11,279000),
	 (48,16,'HM17 C09WG',37,'https://projektprodukt.co.kr/product/HM17_C09WG/3637',48,42,142,11,279000),
	 (49,17,'PERROW black',2,'https://blueelephant.co/product/perrow-black/3408/category/72/display/2/#modal__',51,42,143,5,49900),
	 (50,17,'PERROW brown crystal',38,'https://blueelephant.co/product/perrow-brown-crystal/3409/',51,42,143,5,49900),
	 (51,17,'PERROW crystal',11,'https://blueelephant.co/product/perrow-crystal/3411/',51,42,143,5,49900),
	 (52,18,'안나 BRC9',39,'https://www.gentlemonster.com/kr/ko/item/Z7LR5RGURO2T/anna-brc9',57,48,144,12,269000),
	 (53,18,'안나 BEC2',40,'https://www.gentlemonster.com/kr/ko/item/YG9449O76IX2/anna-bec2',57,48,144,12,269000),
	 (54,18,'안나 01',41,'https://www.gentlemonster.com/kr/ko/item/YG9449O52NQU/anna-01',57,48,144,12,269000),
	 (55,18,'안나 T3',42,'https://www.gentlemonster.com/kr/ko/item/YG9449O65PZT/anna-t3',57,48,144,12,289000),
	 (56,19,'LAND crystal',11,'https://blueelephant.co/product/land-crystal/3607/category/72/display/1/',51,40,141,5,49900),
	 (57,20,'FS26 CG',8,'https://projektprodukt.co.kr/product/FS26_CG/3327',50,42,140,13,259000),
	 (58,20,'FS26 CBKWG',15,'https://projektprodukt.co.kr/product/FS26_CBKWG/3328',50,42,140,13,259000),
	 (59,20,'FS26 CMWG',43,'https://projektprodukt.co.kr/product/FS26_CMWG/3329',50,42,140,13,259000),
	 (60,20,'FS26 CMBR',44,'https://projektprodukt.co.kr/product/FS26_CMBR/3330',50,42,140,13,259000),
	 (61,20,'FS26 CMBK',45,'https://projektprodukt.co.kr/product/FS26_CMBK/3331',50,42,140,13,259000),
	 (62,21,'RS13 CBKWG',15,'https://projektprodukt.co.kr/product/RS13_CBKWG/2962',47,43,132,13,259000),
	 (63,21,'RS13 CPG',10,'https://projektprodukt.co.kr/product/RS13_CPG/2963',47,43,132,13,259000),
	 (64,22,'RS13 CBKPG',16,'https://projektprodukt.co.kr/product/RS13_CBKPG/2964',47,43,132,13,259000),
	 (65,22,'RS13 CMWG',43,'https://projektprodukt.co.kr/product/RS13_CMWG/2965',47,43,132,13,259000),
	 (66,22,'RS13 CMBK',46,'https://projektprodukt.co.kr/product/RS13_CMBK/2967',47,43,132,13,259000),
	 (67,23,'GE-18 C00PG',14,'https://projektprodukt.co.kr/product/GE-18_C00PG/2439',47,39,142,11,255000),
	 (68,23,'GE-18 C01G',19,'https://projektprodukt.co.kr/product/GE-18_C01G/2440',47,39,142,11,255000),
	 (69,23,'GE-18 C01WG',15,'https://projektprodukt.co.kr/product/GE-18_C01WG/2441',47,39,142,11,255000),
	 (70,23,'GE-18 C02BK',2,'https://projektprodukt.co.kr/product/GE-18_C02BK/2442',47,39,142,11,255000),
	 (71,23,'GE-18 C19PG',47,'https://projektprodukt.co.kr/product/GE-18_C19PG/2443',47,39,142,11,255000),
	 (72,23,'GE-18 C04BR',48,'https://projektprodukt.co.kr/product/GE-18_C04BR/2444',47,39,142,11,255000),
	 (73,23,'GE-18 C05GR',49,'https://projektprodukt.co.kr/product/GE-18_C05GR/2445',47,39,142,11,255000),
	 (74,24,'ANDY black-crystal',50,'https://blueelephant.co/product/andy-black-crystal/2054/',49,42,147,5,49900),
	 (75,24,'ANDY crystal',11,'https://blueelephant.co/product/andy-crystal/1250/',49,42,147,5,49900),
	 (76,24,'ANDY flesh',51,'https://blueelephant.co/product/andy-flesh/1251/',49,42,147,5,49900),
	 (77,24,'ANDY brown-crystal',38,'https://blueelephant.co/product/andy-brown-crystal/3513/',49,42,147,5,49900),
	 (78,24,'ANDY grey crystal',52,'https://blueelephant.co/product/andy-grey-crystal/3512/',49,42,147,5,49900),
	 (79,25,'GOAT black',2,'https://blueelephant.co/product/goat-black/3844/',53,36,137,10,49900),
	 (80,26,'에픽 03',29,'https://www.gentlemonster.com/kr/ko/item/14KVTAKC68FVW/epic-03',55,27,146,8,320000),
	 (81,26,'에픽 02',53,'https://www.gentlemonster.com/kr/ko/item/13TJ692JB2HNU/epic-02',55,27,146,8,320000),
	 (82,27,'CALIX black',2,'https://blueelephant.co/product/calix-black/3977/category/125/display/1/',55,34,137,10,69900),
	 (83,27,'CALIX gold',8,'https://blueelephant.co/product/calix-gold/3978/',55,34,137,10,69900),
	 (84,27,'CALIX silver',31,'https://blueelephant.co/product/calix-silver/3979/',55,34,137,10,69900),
	 (85,28,'SLAP black',2,'https://blueelephant.co/product/slap-black/3847/category/72/display/1/',52,37,140,10,49900),
	 (86,28,'SLAP silver',31,'https://blueelephant.co/product/slap-silver/3848/',52,37,140,10,49900),
	 (87,29,'HM13 CG',8,'https://projektprodukt.co.kr/product/HM13_CG/3610',53,38,140,4,295000),
	 (88,29,'HM13 CWG',9,'https://projektprodukt.co.kr/product/HM13_CWG/3611',53,38,140,4,295000),
	 (89,29,'HM13 CPG',10,'https://projektprodukt.co.kr/product/HM13_CPG/3612',53,38,140,4,295000),
	 (90,29,'HM13 CMBL',54,'https://projektprodukt.co.kr/product/HM13_CMBL/3613',53,38,140,4,295000),
	 (91,29,'HM13 CMBK',45,'https://projektprodukt.co.kr/product/HM13_CMBK/3614',53,38,140,4,295000),
	 (92,30,'BESSI khaki',26,'https://blueelephant.co/product/bessi-khaki/4037/',54,33,136,14,69900),
	 (93,30,'BESSI brown',55,'https://blueelephant.co/product/bessi-brown/4036/',54,33,136,14,69900),
	 (94,31,'사사키 G16',56,'https://www.gentlemonster.com/kr/ko/item/Z9FC03QLRACP/sasaki-g16',60,33,150,7,320000),
	 (95,31,'사사키 01(Light Adaptive)',32,'https://www.gentlemonster.com/kr/ko/item/XQQ1X44WJ7DY/sasaki-01(light-adaptive)',60,33,150,7,320000),
	 (96,32,'J2334 긱시크 캣아이 안경테 3컬러 - J2334_C1(블랙)',2,'https://www.kolonmall.com/Product/K1717923417775036BK01',49,37,136,15,49000),
	 (97,32,'J2334 긱시크 캣아이 안경테 3컬러 - J2334_C2(아이보리)',57,'https://www.kolonmall.com/Product/K1717923417775036IV01',49,37,136,15,49000),
	 (98,32,'J2334 긱시크 캣아이 안경테 3컬러 - J2334_C3(레오파드)',13,'https://www.kolonmall.com/Product/K1717923417775036BR01',49,37,136,15,49000),
	 (99,33,'BRAZE khaki',26,'https://blueelephant.co/product/braze-khaki/3768/',48,46,147,9,49900),
	 (100,33,'BRAZE crystal',11,'https://blueelephant.co/product/braze-crystal/3767/',48,46,147,16,49900),
	 (101,33,'BRAZE nude beige',58,'https://blueelephant.co/product/braze-nude-beige/3770/',48,46,147,17,49900),
	 (102,33,'BRAZE black',2,'https://blueelephant.co/product/braze-black/3766/',48,46,147,18,49900),
	 (103,34,'HM14 C0WG',59,'https://projektprodukt.co.kr/product/HM14_C0WG/3615',51,41,144,11,335000),
	 (104,34,'HM14 C1G',19,'https://projektprodukt.co.kr/product/HM14_C1G/3616',51,41,144,11,335000),
	 (105,34,'HM14 C1MBK',2,'https://projektprodukt.co.kr/product/HM14_C1MBK/3617',51,41,144,11,335000),
	 (106,34,'HM14 C09WG',37,'https://projektprodukt.co.kr/product/HM14_C09WG/3618',51,41,144,11,335000),
	 (107,34,'HM14 C012PG',60,'https://projektprodukt.co.kr/product/HM14_C012PG/3619',51,41,144,11,335000),
	 (108,35,'RS21 C0',14,'https://projektprodukt.co.kr/product/RS21_C0/3093',53,49,150,19,295000),
	 (109,35,'RS21 C1',19,'https://projektprodukt.co.kr/product/RS21_C1/3094',53,49,150,19,295000),
	 (110,35,'RS21 C02',61,'https://projektprodukt.co.kr/product/RS21_C02/3095',53,49,150,19,295000),
	 (111,35,'RS21 C06',62,'https://projektprodukt.co.kr/product/RS21_C06/3096',53,49,150,19,295000),
	 (112,36,'CL17 C0PG',14,'https://projektprodukt.co.kr/product/CL17_C0PG/3388',48,41,144,6,279000),
	 (113,36,'CL17 C1WG',15,'https://projektprodukt.co.kr/product/CL17_C1WG/3389',48,41,144,6,279000),
	 (114,36,'CL17 C1PG',16,'https://projektprodukt.co.kr/product/CL17_C1PG/3390',48,41,144,6,279000),
	 (115,36,'CL17 C02PG',63,'https://projektprodukt.co.kr/product/CL17_C02PG/3391',48,41,144,6,279000),
	 (116,36,'CL17 C07WG',64,'https://projektprodukt.co.kr/product/CL17_C07WG/3393',48,41,144,6,279000),
	 (117,37,'GE-20 C01WG',15,'https://projektprodukt.co.kr/product/GE-20_C01WG/2451',47,42,143,6,255000),
	 (118,37,'GE-20 C02BK',2,'https://projektprodukt.co.kr/product/GE-20_C02BK/2452',47,42,143,6,255000),
	 (119,37,'GE-20 C03VG',65,'https://projektprodukt.co.kr/product/GE-20_C03VG/2453',47,42,143,6,255000),
	 (120,37,'GE-20 C04PG',17,'https://projektprodukt.co.kr/product/GE-20_C04PG/2454',47,42,143,6,255000),
	 (121,37,'GE-20 C05PG',66,'https://projektprodukt.co.kr/product/GE-20_C05PG/2455',47,42,143,6,255000),
	 (122,38,'PRAM black',2,'https://blueelephant.co/product/pram-black/3485/category/72/display/2/',50,39,142,20,49900),
	 (123,38,'PRAM crystal',11,'https://blueelephant.co/product/pram-crystal/3486/',50,39,142,20,49900),
	 (124,39,'RC5110 005',67,'https://www.ssg.com/item/itemView.ssg?itemId=1000571109531',52,NULL,140,7,135408);


INSERT INTO facefit.glasses_file_map_tb (glasses_sub_id,file_id) VALUES
	 (1,'122bd6ff-a9bb-497c-ba3b-0f8be4a9a1d6'),
	 (2,'4b1e4911-c8db-4c24-9151-0648bf2174e5'),
	 (3,'77a5d555-71a0-4240-a0ed-a522f6a8e18c'),
	 (4,'af143dd9-d0a5-49a3-8ae8-d0fb5d3ec576'),
	 (5,'812567f6-3d12-4eca-8e8a-a124e536c34f'),
	 (6,'f58ada0f-cfde-4f2c-9c81-8b460c6bf66f'),
	 (7,'15a007b3-f6af-4c61-a090-921a3ed4fd68'),
	 (8,'7edb0f49-e036-47da-93bc-c2d6b42b86cb'),
	 (9,'67d4e3c0-e259-46ac-ab78-0f7e10dec40e'),
	 (10,'2c02eddd-143e-45b4-9ae6-a570b69e91cf'),
	 (11,'9cf9be4e-993e-4a3d-a3bb-6a0fe510dd2f'),
	 (12,'a3b89149-a1da-401d-8202-756125ee14a5'),
	 (13,'9939cb62-f528-4d9a-b6a1-3b19360b83b6'),
	 (14,'3a4b289a-53d2-444b-8b8d-9da13e10318f'),
	 (15,'62ef60b0-67ea-4c62-a100-92e7907ef158'),
	 (16,'ae3a5db4-bef7-4856-b6d6-7db402a2772e'),
	 (17,'bebe810c-90a0-423a-b0e4-1fb4d733d462'),
	 (18,'0d32976d-3ec7-4bbb-84ad-6ca2974c1697'),
	 (19,'edb1613e-92a6-48ab-b100-82d45d4b3572'),
	 (20,'1e9c625a-72a0-472d-9bda-7724ce32ce01'),
	 (21,'a5a1aee0-2588-480a-9528-7edbf740e4cb'),
	 (22,'4a737221-0805-49dc-8699-06efa92271aa'),
	 (23,'cb897112-819d-4abb-88ce-2f2c0293ef7a'),
	 (24,'75a72291-6dd1-4ede-9e6e-ccd39af6221f'),
	 (25,'efc3ed77-41af-43f5-9b42-d18bba37ba65'),
	 (26,'c7e56d60-05be-4c97-be7d-0505fa8dbe56'),
	 (27,'53bfc66c-400e-40cd-96fa-39e8f2fef0cf'),
	 (28,'2f682289-acec-461c-a9c6-368444e5b5ec'),
	 (29,'f7bc82e9-08c4-4222-9fb1-78659b76f15a'),
	 (30,'57517abf-39aa-4ec9-b2e0-e937fa265509'),
	 (31,'184a3e71-3069-4a72-a101-6e876d03dd33'),
	 (32,'db251245-0af0-4f7e-9bb6-bf4a996f691c'),
	 (33,'da59bb54-7c33-4246-917a-5308143839ab'),
	 (34,'d09594cb-0d72-4c54-b0bb-70e7b644acca'),
	 (35,'8817c2cb-45d3-47e6-9518-536eac2f61ac'),
	 (36,'7542a389-a0dc-4966-b4e3-31954a3a22d4'),
	 (37,'b66c815b-09af-4a3d-9c07-1bbf9245e7e6'),
	 (38,'39e0b507-658b-4539-a380-5eb059bc5f2a'),
	 (39,'c1ab1eca-e48f-4b3b-87e2-441bd6aa5cc2'),
	 (40,'69dab027-953c-49bf-a4e1-c1a7f96944ac'),
	 (41,'288db250-73bc-4d48-9afa-1915f8fd7b18'),
	 (42,'d3197c50-17f0-4df4-b46b-367bdb581f17'),
	 (43,'12d7d51c-6c2d-4767-bfd2-a15719d70538'),
	 (44,'f497be8c-aadc-48ee-9492-f5001cb67753'),
	 (45,'356271c8-298e-420c-9fa7-e82f0363537e'),
	 (46,'d2512761-f20a-4104-941c-97adc4801e11'),
	 (47,'44d54db0-b4ed-4c55-b4c2-daeef2ff8455'),
	 (48,'a65f4336-c524-4ddf-8e7f-87ddaa871767'),
	 (49,'ca953ab1-ca27-4219-b8a0-5a715882cd49'),
	 (50,'f5e5dfc8-eeaf-4c4e-a953-b557d644b855'),
	 (51,'9331cefd-d35c-479d-91f5-9f6481b73372'),
	 (52,'4c867a6b-3228-42ab-8171-deb36fef985e'),
	 (53,'c9c48887-fce2-4f00-86e5-4357b671f19d'),
	 (54,'c3221d83-28f0-4b67-a5a0-07004072c3ff'),
	 (55,'5a409cec-ef0a-40f1-848f-6585c210813c'),
	 (56,'31e495a8-31ee-4964-bc2b-493a9bd585f7'),
	 (57,'b1f71d4f-2722-4bff-82bc-d6a28511071b'),
	 (58,'e3f7f384-4281-4c2a-9310-be8ca35af394'),
	 (59,'d53d0c5a-0fa7-44e9-833a-8ff57a6b08f5'),
	 (60,'1c8e4435-e97d-4150-91cd-d71c9ed86f4f'),
	 (61,'bee626b1-ad80-44b2-8e53-86581fedcb39'),
	 (62,'c41e3859-a430-4437-9a6d-cb3011ec54ea'),
	 (63,'e714b8b8-bb41-4fe2-b9e4-191edfe9cf52'),
	 (64,'35736456-c475-4b6f-a7df-9547d12d1091'),
	 (65,'50d87b8a-8429-49b7-ae4f-8b5557b347c9'),
	 (66,'440a589f-162a-4dd8-9739-996d9a861a41'),
	 (67,'21ce9046-0438-4321-a1df-abc40e1a1d58'),
	 (68,'7ce2bccf-142d-4e21-bb01-26ac2a23c709'),
	 (69,'17e22c53-40a2-4edc-b67f-06f775b8e19e'),
	 (70,'569da684-683f-4f20-9b99-43d76f6de704'),
	 (71,'431b9183-68cf-4416-b5bd-e17b90ed9b36'),
	 (72,'3f0a5441-2633-4043-af5d-3d4ea117e12c'),
	 (73,'e9d255cc-46ea-45dc-9c77-14171b724f55'),
	 (74,'7ff70326-f78f-49ce-a7f2-459242140b59'),
	 (75,'4b0dfcfa-b1f9-4dca-ae02-62ac7c5c6e93'),
	 (76,'e64b6d68-1648-4c41-9f33-1cd94aabc193'),
	 (77,'805d4da6-fe8d-4e53-be38-646fc3f6b244'),
	 (78,'b002c001-ab24-4b10-91bf-c84c767c9869'),
	 (79,'248684ed-f4a4-4746-a420-0b4875d70369'),
	 (80,'4f8ee67e-f7a8-4269-889d-b5ef1a3e6f73'),
	 (81,'4d8a810b-3158-4cb2-b398-98fe822c6c6b'),
	 (82,'8450b62d-49aa-4d8d-9b1b-df316e19b43f'),
	 (83,'3675dcaa-79ab-4d05-8e03-c9338c48ad5a'),
	 (84,'84f8261a-ff5a-4009-af8c-1d6620ef4c66'),
	 (85,'98be59d6-60e2-4694-9c38-b1bdc15f2a66'),
	 (86,'ac660ba1-10a6-4dc7-902d-1cb24394d809'),
	 (87,'02882efd-8ebb-402a-b359-520eeace8863'),
	 (88,'1b80e881-17f5-48c7-9b20-6b03638c0063'),
	 (89,'275302d1-d8f7-4c50-92f6-281415d13a5c'),
	 (90,'8d91bfd1-16b9-485a-bd10-deb74870056e'),
	 (91,'3681658e-7948-442f-9d94-9fbdfe4457ff'),
	 (92,'9f745e2b-5a6d-478b-b68d-c265a7a61a1d'),
	 (93,'09bcefae-5363-4814-9995-79ed88d4d1b3'),
	 (94,'a36f06ab-9a9a-4a23-8a45-b4834e322d2c'),
	 (95,'974b5fd5-9022-412c-8567-f625264977cd'),
	 (96,'4442abe7-959c-4daf-9e49-b6c65f1a5f32'),
	 (97,'8f97d5ce-89b4-4102-8a2f-bb4bdc6fbe4c'),
	 (98,'780dbf5f-ebbe-4b1f-a269-a804a3722d63'),
	 (99,'e05145c6-d2a3-4d4e-a018-15625aa3069e'),
	 (100,'56d3daae-cc77-499a-bad4-93a58593a21b'),
	 (101,'51a9f0ef-7c14-4344-be92-bf3472d348b2'),
	 (102,'11335b33-84fe-475b-a27e-2f29f95b26ec'),
	 (103,'8a9b72bb-1560-422d-ab1f-51ab92def256'),
	 (104,'4d7ab2ed-8b96-4f45-946e-c23ac60f787e'),
	 (105,'12963094-6f98-4d55-9fd2-897c627cdfd4'),
	 (106,'97072be0-e299-4d01-95f1-7e6fadea4065'),
	 (107,'4722dd84-ceef-4355-8ab6-95c3c9e42717'),
	 (108,'b171617a-1009-45fd-bac6-bd684228922e'),
	 (109,'70fbee16-ef1e-456f-98e8-8389fa6984db'),
	 (110,'509bd6b0-6948-435a-8a4a-1bbe9a1f0e83'),
	 (111,'4bd17fcb-a4fd-415f-b944-a4fd525fb650'),
	 (112,'ea326134-ee35-4361-9ec2-51c2739c53de'),
	 (113,'2705de15-92c1-4ebf-975d-13ac497c30dc'),
	 (114,'00a702a4-e41b-44cf-b504-bf06975017a2'),
	 (115,'415a84cc-aba4-4dfc-bb8f-f82213234b78'),
	 (116,'575e3357-74b5-453b-a724-33986cc37074'),
	 (117,'6523d9f5-f18a-431b-9cb5-0e0a37b57479'),
	 (118,'a6b42905-7527-43c0-bb2b-612bfbe3c839'),
	 (119,'a2f12fe5-2f3f-4e92-9ac8-658e449aa285'),
	 (120,'a1869997-ad44-4c76-8bb3-36c164d4afd3'),
	 (121,'c2d06456-32f7-4624-a8e7-6a72fc3a6a87'),
	 (122,'f6ab5e02-a596-432f-abfd-7aa0385bf66d'),
	 (123,'e4ad5d89-2269-4009-b450-b5bdb8bab484'),
	 (124,'c0551bb6-ee9e-43e8-8db9-b6f91cd15c95');


INSERT INTO facefit.face_shape_glasses_map_tb (face_shape_id,glasses_type_code) VALUES
	 (4,1),
	 (4,2),
	 (4,3),
	 (3,4),
	 (3,1),
	 (3,5),
	 (3,2),
	 (3,3),
	 (3,6),
	 (2,7),
	 (2,8),
	 (2,9),
	 (2,6),
	 (1,10),
	 (1,5),
	 (1,3),
	 (1,4),
	 (5,7),
	 (5,4),
	 (5,8),
	 (5,9),
	 (5,6);





